Macro Area,Meso Area,Micro Topic
Management & Strategy,Strategic Management,Competitive Strategy
Management & Strategy,Strategic Management,Corporate Strategy
Management & Strategy,Strategic Management,Business Model Innovation
Management & Strategy,International Business,Internationalization
Management & Strategy,International Business,Cross-cultural Management
Marketing,Consumer Behavior,Customer Experience
Marketing,Consumer Behavior,Purchase Decision Making
Marketing,Digital & Data-Driven Marketing,Social Media Marketing
Marketing,Digital & Data-Driven Marketing,Marketing Analytics
Entrepreneurship & Innovation,Entrepreneurship,Entrepreneurial Ecosystem
Entrepreneurship & Innovation,Entrepreneurship,New Venture Creation
Entrepreneurship & Innovation,Entrepreneurship,Family Business
Entrepreneurship & Innovation,Innovation Management,Open Innovation
Entrepreneurship & Innovation,Innovation Management,Technology Transfer
Finance & Accounting,Corporate Finance,Capital Structure
Finance & Accounting,Corporate Finance,M&A and Corporate Governance
Finance & Accounting,Accounting & Control,Performance Measurement
Finance & Accounting,Accounting & Control,Sustainability Reporting
Organization & HRM,Organizational Behavior,Leadership
Organization & HRM,Organizational Behavior,Organizational Culture
Organization & HRM,Human Resource Management,Talent Management
Organization & HRM,Human Resource Management,Diversity & Inclusion
